{
  "Logistic Regression": {
    "Accuracy": 0.9824561403508771,
    "AUC": 0.9953703703703703,
    "Precision": 0.9861111111111112,
    "Recall": 0.9861111111111112,
    "F1 Score": 0.9861111111111112,
    "MCC": 0.9623015873015873
  },
  "Decision Tree": {
    "Accuracy": 0.9122807017543859,
    "AUC": 0.9156746031746031,
    "Precision": 0.9558823529411765,
    "Recall": 0.9027777777777778,
    "F1 Score": 0.9285714285714286,
    "MCC": 0.8174119974927639
  },
  "KNN": {
    "Accuracy": 0.956140350877193,
    "AUC": 0.9788359788359788,
    "Precision": 0.958904109589041,
    "Recall": 0.9722222222222222,
    "F1 Score": 0.9655172413793104,
    "MCC": 0.9054466190452621
  },
  "Naive Bayes": {
    "Accuracy": 0.9385964912280702,
    "AUC": 0.9877645502645502,
    "Precision": 0.9452054794520548,
    "Recall": 0.9583333333333334,
    "F1 Score": 0.9517241379310345,
    "MCC": 0.8675534786006366
  },
  "Random Forest (Ensemble)": {
    "Accuracy": 0.9473684210526315,
    "AUC": 0.9937169312169313,
    "Precision": 0.9583333333333334,
    "Recall": 0.9583333333333334,
    "F1 Score": 0.9583333333333334,
    "MCC": 0.8869047619047619
  },
  "XGBoost (Ensemble)": {
    "Accuracy": 0.956140350877193,
    "AUC": 0.9950396825396826,
    "Precision": 0.9466666666666667,
    "Recall": 0.9861111111111112,
    "F1 Score": 0.9659863945578231,
    "MCC": 0.9058238738943076
  }
}