{
  "Logistic Regression": {
    "Accuracy": 0.901249585314608,
    "AUC": 0.9055740146044154,
    "Precision": 0.6444833625218914,
    "Recall": 0.34782608695652173,
    "F1 Score": 0.4518109269490485,
    "MCC": 0.42605817794513523
  },
  "Decision Tree": {
    "Accuracy": 0.8745991374543846,
    "AUC": 0.7014571863832587,
    "Precision": 0.46487985212569316,
    "Recall": 0.47542533081285443,
    "F1 Score": 0.4700934579439252,
    "MCC": 0.39902087033749317
  },
  "KNN": {
    "Accuracy": 0.8961627778392126,
    "AUC": 0.8277209275898927,
    "Precision": 0.5990016638935108,
    "Recall": 0.34026465028355385,
    "F1 Score": 0.43399638336347196,
    "MCC": 0.40012752249162636
  },
  "Naive Bayes": {
    "Accuracy": 0.8548048214088245,
    "AUC": 0.8100945416322902,
    "Precision": 0.4059040590405904,
    "Recall": 0.5198487712665406,
    "F1 Score": 0.45586406962287607,
    "MCC": 0.37735837569864067
  },
  "Random Forest (Ensemble)": {
    "Accuracy": 0.9073316377308416,
    "AUC": 0.9290977411569188,
    "Precision": 0.6697530864197531,
    "Recall": 0.4102079395085066,
    "F1 Score": 0.5087924970691676,
    "MCC": 0.47779682454933464
  },
  "XGBoost (Ensemble)": {
    "Accuracy": 0.9092115448413137,
    "AUC": 0.9339813662905283,
    "Precision": 0.6671368124118476,
    "Recall": 0.44706994328922495,
    "F1 Score": 0.5353706847764572,
    "MCC": 0.49923154486417703
  }
}